run_id,backend,backend_label,prompt_label,prompt_tokens,max_new_tokens,run_index,run_phase,seed,temperature,top_p,generated_tokens,elapsed_seconds,first_token_seconds,tokens_per_second,rss_mb_start,rss_mb_peak,rss_mb_end,rss_delta_mb,io_read_mb,io_write_mb,logical_bytes_mapped_mb,tensors_touched,layer_count,notes
disk_llm|8|2|0,disk_llm,Disk-LLM,tokens_0008,8,2,0,initial,0,0.0,0.95,2,19.233971438999987,16.21249644399998,0.10398268534103552,3475.87890625,11266.54296875,7385.91015625,3910.03125,,,38800.078125,3,0,
disk_llm|128|2|0,disk_llm,Disk-LLM,tokens_0128,128,2,0,initial,0,0.0,0.95,2,199.614952251,197.26717963500002,0.010019289524389727,7386.91015625,11268.9296875,7388.91015625,2.0,,,504401.015625,3,0,
hf_cpu|8|2|0,hf_cpu,HF CPU,tokens_0008,8,2,0,initial,0,0.0,0.95,2,17.11348593499997,6.9897993299999825,0.11686689711239145,21930.58984375,21957.1953125,21957.1796875,26.58984375,,,,,,float32_cpu_reference
hf_cpu|128|2|0,hf_cpu,HF CPU,tokens_0128,128,2,0,initial,0,0.0,0.95,2,29.273065640000027,18.740085916999988,0.06832219162133503,21957.1796875,21957.1953125,21957.1796875,0.0,,,,,,float32_cpu_reference
