backend,backend_label,prompt_label,prompt_tokens,max_new_tokens,run_count,elapsed_seconds_mean,elapsed_seconds_min,elapsed_seconds_max,elapsed_seconds_stdev,first_token_seconds_mean,first_token_seconds_min,first_token_seconds_max,first_token_seconds_stdev,tokens_per_second_mean,tokens_per_second_min,tokens_per_second_max,tokens_per_second_stdev,generated_tokens_mean,rss_mb_peak_mean,rss_mb_peak_min,rss_mb_peak_max,rss_mb_peak_stdev,io_read_mb_mean,logical_bytes_mapped_mb_mean
disk_llm,Disk-LLM,tokens_0008,8,2,1,19.233971438999987,19.233971438999987,19.233971438999987,0.0,16.21249644399998,16.21249644399998,16.21249644399998,0.0,0.10398268534103552,0.10398268534103552,0.10398268534103552,0.0,2.0,11266.54296875,11266.54296875,11266.54296875,0.0,,38800.078125
disk_llm,Disk-LLM,tokens_0128,128,2,1,199.614952251,199.614952251,199.614952251,0.0,197.26717963500002,197.26717963500002,197.26717963500002,0.0,0.010019289524389727,0.010019289524389727,0.010019289524389727,0.0,2.0,11268.9296875,11268.9296875,11268.9296875,0.0,,504401.015625
hf_cpu,HF CPU,tokens_0008,8,2,1,17.11348593499997,17.11348593499997,17.11348593499997,0.0,6.9897993299999825,6.9897993299999825,6.9897993299999825,0.0,0.11686689711239145,0.11686689711239145,0.11686689711239145,0.0,2.0,21957.1953125,21957.1953125,21957.1953125,0.0,,
hf_cpu,HF CPU,tokens_0128,128,2,1,29.273065640000027,29.273065640000027,29.273065640000027,0.0,18.740085916999988,18.740085916999988,18.740085916999988,0.0,0.06832219162133503,0.06832219162133503,0.06832219162133503,0.0,2.0,21957.1953125,21957.1953125,21957.1953125,0.0,,
