backend,backend_label,prompt_label,prompt_tokens,max_new_tokens,run_count,elapsed_seconds_mean,elapsed_seconds_min,elapsed_seconds_max,elapsed_seconds_stdev,first_token_seconds_mean,first_token_seconds_min,first_token_seconds_max,first_token_seconds_stdev,tokens_per_second_mean,tokens_per_second_min,tokens_per_second_max,tokens_per_second_stdev,generated_tokens_mean,rss_mb_peak_mean,rss_mb_peak_min,rss_mb_peak_max,rss_mb_peak_stdev,io_read_mb_mean,logical_bytes_mapped_mb_mean
disk_llm,Disk-LLM,tokens_0008,8,2,1,109.470266606,109.470266606,109.470266606,0.0,88.50146626899999,88.50146626899999,88.50146626899999,0.0,0.018269801125069894,0.018269801125069894,0.018269801125069894,0.0,2.0,21873.83203125,21873.83203125,21873.83203125,0.0,,170780.3173828125
disk_llm,Disk-LLM,tokens_0128,128,2,1,1174.974793626,1174.974793626,1174.974793626,0.0,1157.395035913,1157.395035913,1157.395035913,0.0,0.001702164174797276,0.001702164174797276,0.001702164174797276,0.0,2.0,21885.9765625,21885.9765625,21885.9765625,0.0,,2220144.1259765625
hf_cpu,HF CPU,tokens_0008,8,2,1,12.148392679999915,12.148392679999915,12.148392679999915,0.0,4.773330251000061,4.773330251000061,4.773330251000061,0.0,0.1646308324633456,0.1646308324633456,0.1646308324633456,0.0,2.0,19403.95703125,19403.95703125,19403.95703125,0.0,,
hf_cpu,HF CPU,tokens_0128,128,2,1,25.15276225499997,25.15276225499997,25.15276225499997,0.0,17.142342074,17.142342074,17.142342074,0.0,0.07951412968976923,0.07951412968976923,0.07951412968976923,0.0,2.0,19407.14453125,19407.14453125,19407.14453125,0.0,,
