backend,backend_label,prompt_label,prompt_tokens,max_new_tokens,run_count,elapsed_seconds_mean,elapsed_seconds_min,elapsed_seconds_max,elapsed_seconds_stdev,first_token_seconds_mean,first_token_seconds_min,first_token_seconds_max,first_token_seconds_stdev,tokens_per_second_mean,tokens_per_second_min,tokens_per_second_max,tokens_per_second_stdev,generated_tokens_mean,rss_mb_peak_mean,rss_mb_peak_min,rss_mb_peak_max,rss_mb_peak_stdev,io_read_mb_mean,logical_bytes_mapped_mb_mean
disk_llm,Disk-LLM,tokens_0008,8,2,1,136.22838474600002,136.22838474600002,136.22838474600002,0.0,114.21657555499999,114.21657555499999,114.21657555499999,0.0,0.01468122817230074,0.01468122817230074,0.01468122817230074,0.0,2.0,24463.44140625,24463.44140625,24463.44140625,0.0,,170780.3173828125
disk_llm,Disk-LLM,tokens_0128,128,2,1,1541.3024515430002,1541.3024515430002,1541.3024515430002,0.0,1520.8546082990001,1520.8546082990001,1520.8546082990001,0.0,0.0012976038531553602,0.0012976038531553602,0.0012976038531553602,0.0,2.0,24480.33984375,24480.33984375,24480.33984375,0.0,,2220144.1259765625
hf_cpu,HF CPU,tokens_0008,8,2,1,14.717594744000053,14.717594744000053,14.717594744000053,0.0,6.525204924000036,6.525204924000036,6.525204924000036,0.0,0.1358917700064641,0.1358917700064641,0.1358917700064641,0.0,2.0,21981.11328125,21981.11328125,21981.11328125,0.0,,
hf_cpu,HF CPU,tokens_0128,128,2,1,25.354935235000085,25.354935235000085,25.354935235000085,0.0,17.07438804399999,17.07438804399999,17.07438804399999,0.0,0.07888010682982102,0.07888010682982102,0.07888010682982102,0.0,2.0,21981.11328125,21981.11328125,21981.11328125,0.0,,
