backend,backend_label,prompt_label,prompt_tokens,max_new_tokens,run_count,elapsed_seconds_mean,elapsed_seconds_min,elapsed_seconds_max,elapsed_seconds_stdev,first_token_seconds_mean,first_token_seconds_min,first_token_seconds_max,first_token_seconds_stdev,tokens_per_second_mean,tokens_per_second_min,tokens_per_second_max,tokens_per_second_stdev,generated_tokens_mean,rss_mb_peak_mean,rss_mb_peak_min,rss_mb_peak_max,rss_mb_peak_stdev,io_read_mb_mean,logical_bytes_mapped_mb_mean
disk_llm,Disk-LLM,tokens_0008,8,2,1,13.11092361499999,13.11092361499999,13.11092361499999,0.0,10.388417713999985,10.388417713999985,10.388417713999985,0.0,0.15254455435251207,0.15254455435251207,0.15254455435251207,0.0,2.0,11266.04296875,11266.04296875,11266.04296875,0.0,,38800.078125
disk_llm,Disk-LLM,tokens_0128,128,2,1,161.395767319,161.395767319,161.395767319,0.0,158.64598414000002,158.64598414000002,158.64598414000002,0.0,0.01239189870479679,0.01239189870479679,0.01239189870479679,0.0,2.0,11268.03515625,11268.03515625,11268.03515625,0.0,,504401.015625
hf_cpu,HF CPU,tokens_0008,8,2,1,16.003671123000004,16.003671123000004,16.003671123000004,0.0,6.116574892000017,6.116574892000017,6.116574892000017,0.0,0.12497132593068969,0.12497132593068969,0.12497132593068969,0.0,2.0,21943.29296875,21943.29296875,21943.29296875,0.0,,
hf_cpu,HF CPU,tokens_0128,128,2,1,26.216574990000026,26.216574990000026,26.216574990000026,0.0,18.31038645199999,18.31038645199999,18.31038645199999,0.0,0.0762876157836359,0.0762876157836359,0.0762876157836359,0.0,2.0,21943.29296875,21943.29296875,21943.29296875,0.0,,
