backend,backend_label,prompt_label,prompt_tokens,max_new_tokens,run_count,elapsed_seconds_mean,elapsed_seconds_min,elapsed_seconds_max,elapsed_seconds_stdev,first_token_seconds_mean,first_token_seconds_min,first_token_seconds_max,first_token_seconds_stdev,tokens_per_second_mean,tokens_per_second_min,tokens_per_second_max,tokens_per_second_stdev,generated_tokens_mean,rss_mb_peak_mean,rss_mb_peak_min,rss_mb_peak_max,rss_mb_peak_stdev,io_read_mb_mean,logical_bytes_mapped_mb_mean
disk_llm,Disk-LLM,tokens_0008,8,2,1,9.798606079999999,9.798606079999999,9.798606079999999,0.0,7.906062163000001,7.906062163000001,7.906062163000001,0.0,0.2041106646875226,0.2041106646875226,0.2041106646875226,0.0,2.0,11263.94140625,11263.94140625,11263.94140625,0.0,,38800.078125
disk_llm,Disk-LLM,tokens_0128,128,2,1,128.505942311,128.505942311,128.505942311,0.0,126.61042277600001,126.61042277600001,126.61042277600001,0.0,0.015563482622147984,0.015563482622147984,0.015563482622147984,0.0,2.0,11264.90234375,11264.90234375,11264.90234375,0.0,,504401.015625
